Use HRM;
Go

-- employees
INSERT INTO employees (employee_id, full_name, gender, date_of_birth, department, position, date_joined, status) VALUES
('E000000', 'Allison Hill', 'Male', '1973-07-11', 'Human Resources', 'Executive', '2024-01-21', 'Active'),
('E000001', 'Stephanie Miller', 'Male', '1981-09-03', 'Operations', 'Director', '2020-07-09', 'Resigned'),
('E000002', 'Jonathan Johnson', 'Male', '1972-07-11', 'Finance', 'Intern', '2023-08-16', 'Active'),
('E000003', 'Connie Lawrence', 'Male', '1997-07-24', 'Sales', 'Manager', '2020-05-27', 'Active'),
('E000004', 'Melissa Peterson', 'Male', '1970-10-01', 'Human Resources', 'Director', '2025-02-27', 'Active'),
('E000005', 'Brandon Davis', 'Male', '1999-02-14', 'Finance', 'Executive', '2023-05-24', 'Active'),
('E000006', 'Monica Herrera', 'Female', '2004-04-09', 'Human Resources', 'Intern', '2022-04-07', 'Active'),
('E000007', 'Sandra Montgomery', 'Female', '1999-09-15', 'Sales', 'Executive', '2023-04-05', 'Resigned'),
('E000008', 'Amber Perez', 'Female', '1976-03-28', 'IT', 'Analyst', '2020-10-08', 'Active'),
('E000009', 'Brian Ramirez', 'Male', '1990-06-09', 'Human Resources', 'Analyst', '2022-03-13', 'Active'),
('E000010', 'Daniel Adams', 'Male', '2002-10-11', 'Sales', 'Intern', '2023-08-12', 'Active'),
('E000011', 'Carolyn Daniel', 'Male', '1971-01-27', 'IT', 'Analyst', '2022-04-09', 'Active'),
('E000012', 'Margaret Hawkins DDS', 'Female', '1998-12-06', 'Sales', 'Intern', '2024-04-02', 'Active'),
('E000013', 'Andrew Stewart', 'Male', '1975-05-09', 'Marketing', 'Manager', '2021-06-05', 'Active'),
('E000014', 'Sherri Edwards', 'Female', '1991-04-01', 'Operations', 'Director', '2022-05-08', 'Active'),
('E000015', 'Judy Baker', 'Female', '1974-06-27', 'Finance', 'Executive', '2023-03-07', 'Active'),
('E000016', 'Kevin Hurst', 'Male', '1980-10-01', 'Sales', 'Executive', '2021-06-20', 'Active'),
('E000017', 'Ms. Ann Williams MD', 'Female', '1990-02-06', 'Sales', 'Executive', '2024-05-02', 'Resigned'),
('E000018', 'Arthur James', 'Male', '2005-03-19', 'Marketing', 'Analyst', '2023-01-07', 'Active'),
('E000019', 'Shannon Smith', 'Female', '1993-12-03', 'Operations', 'Analyst', '2023-10-13', 'Active'),
('E000020', 'Debra Davidson', 'Male', '1968-12-12', 'IT', 'Analyst', '2022-07-19', 'Active'),
('E000021', 'Troy Liu', 'Male', '1975-03-05', 'Operations', 'Analyst', '2022-11-16', 'Active'),
('E000022', 'Thomas Harrell', 'Male', '1976-08-11', 'Finance', 'Executive', '2023-07-27', 'Active'),
('E000023', 'Brittany Farmer', 'Male', '1986-06-28', 'Human Resources', 'Intern', '2024-04-07', 'Active'),
('E000024', 'April Nguyen', 'Female', '1965-03-04', 'IT', 'Director', '2025-01-07', 'Active'),
('E000025', 'Sandra Parker', 'Male', '1966-10-01', 'Operations', 'Analyst', '2024-10-06', 'Active'),
('E000026', 'Angelica Tucker', 'Male', '1967-03-19', 'Human Resources', 'Manager', '2024-03-05', 'Active'),
('E000027', 'Betty Alvarez', 'Female', '1986-12-01', 'Marketing', 'Analyst', '2021-09-12', 'Active'),
('E000028', 'Jenny Lewis', 'Male', '1986-06-26', 'Human Resources', 'Director', '2024-01-09', 'Active'),
('E000029', 'Eric Carney', 'Female', '1991-01-07', 'Human Resources', 'Intern', '2022-07-25', 'Active'),
('E000030', 'Barbara Walker', 'Female', '1978-03-27', 'Operations', 'Intern', '2023-04-25', 'Active'),
('E000031', 'Daniel Jones', 'Male', '1990-04-01', 'IT', 'Executive', '2021-07-08', 'Active'),
('E000032', 'Shannon Jones', 'Male', '1974-02-18', 'Operations', 'Director', '2023-09-20', 'Active'),
('E000033', 'Carlos Walls', 'Female', '1987-10-15', 'Operations', 'Director', '2022-09-26', 'Active'),
('E000034', 'Rhonda Lee', 'Female', '1968-05-07', 'Finance', 'Intern', '2022-07-12', 'Active'),
('E000035', 'John Daniel', 'Female', '1991-12-25', 'Human Resources', 'Executive', '2025-04-18', 'Active'),
('E000036', 'James Morgan', 'Female', '1999-09-14', 'Sales', 'Manager', '2021-08-13', 'Active'),
('E000037', 'Jerry Henderson', 'Male', '1975-10-18', 'Human Resources', 'Executive', '2021-08-15', 'Active'),
('E000038', 'Jessica Callahan', 'Female', '1986-12-09', 'Finance', 'Manager', '2020-08-16', 'Active'),
('E000039', 'Dr. Tracy House DVM', 'Female', '1971-03-12', 'Marketing', 'Director', '2022-10-20', 'Active'),
('E000040', 'James Brown', 'Female', '1979-11-30', 'Finance', 'Analyst', '2025-04-20', 'Resigned'),
('E000041', 'Richard Gibson', 'Male', '1981-09-19', 'Operations', 'Manager', '2025-02-28', 'Active'),
('E000042', 'Kristi Higgins MD', 'Female', '1976-07-16', 'Operations', 'Analyst', '2025-03-20', 'Active'),
('E000043', 'Kimberly Adkins', 'Male', '1966-09-20', 'IT', 'Intern', '2023-04-18', 'Active'),
('E000044', 'Sarah Moore', 'Male', '2003-10-07', 'Marketing', 'Manager', '2020-10-09', 'Active'),
('E000045', 'Kurt Leonard', 'Female', '1974-01-07', 'Finance', 'Executive', '2020-12-21', 'Active'),
('E000046', 'Danielle Wheeler', 'Male', '1989-10-08', 'Operations', 'Analyst', '2022-06-20', 'Active'),
('E000047', 'Kelly Donovan', 'Male', '1972-09-30', 'Human Resources', 'Analyst', '2023-12-15', 'Resigned'),
('E000048', 'James Powers', 'Male', '1976-09-03', 'Finance', 'Director', '2021-12-14', 'Active'),
('E000049', 'Angel Ellis', 'Male', '2005-04-23', 'Finance', 'Analyst', '2025-05-09', 'Active'),
('E000050', 'Daniel Baker', 'Female', '2002-08-21', 'Sales', 'Manager', '2024-10-11', 'Active');

-- attendance

INSERT INTO attendance (employee_id, date, check_in, check_out, working_hours, status) VALUES
('E000000', '2025-04-20', '08:23:00', '18:59:00', 10.6, 'Present'),
('E000000', '2025-04-21', '08:28:00', '18:48:00', 10.33, 'Present'),
('E000000', '2025-04-22', '08:08:00', '16:36:00', 8.47, 'Present'),
('E000000', '2025-04-23', '08:28:00', '17:11:00', 8.72, 'Present'),
('E000000', '2025-04-25', '08:27:00', '16:51:00', 8.4, 'Present'),
('E000001', '2025-04-10', '08:02:00', '16:13:00', 8.18, 'Present'),
('E000001', '2025-04-11', '08:10:00', '18:33:00', 10.38, 'Present'),
('E000001', '2025-04-12', '09:17:00', '17:26:00', 8.15, 'Late'),
('E000001', '2025-04-13', NULL, NULL, 0.0, 'Absent'),
('E000001', '2025-04-15', '08:25:00', '16:37:00', 8.2, 'Present'),
('E000002', '2025-03-22', '08:21:00', '17:52:00', 9.52, 'Present'),
('E000002', '2025-03-23', NULL, NULL, 0.0, 'Absent'),
('E000002', '2025-03-24', '08:00:00', '17:11:00', 9.18, 'Present'),
('E000002', '2025-03-25', '08:24:00', '17:28:00', 9.07, 'Present'),
('E000002', '2025-03-27', '08:29:00', '18:34:00', 10.08, 'Present'),
('E000003', '2025-04-09', '08:19:00', '16:14:00', 7.92, 'Present'),
('E000003', '2025-04-10', '08:23:00', '17:29:00', 9.1, 'Present'),
('E000003', '2025-04-11', '08:03:00', '16:20:00', 8.28, 'Present'),
('E000003', '2025-04-12', '08:20:00', '16:35:00', 8.25, 'Present'),
('E000003', '2025-04-13', '08:24:00', '17:38:00', 9.23, 'Present'),
('E000004', '2025-04-18', '08:42:00', '18:59:00', 10.28, 'Late'),
('E000004', '2025-04-19', '08:26:00', '17:21:00', 8.92, 'Present'),
('E000004', '2025-04-20', '08:55:00', '17:43:00', 8.8, 'Late'),
('E000004', '2025-04-21', '08:37:00', '17:00:00', 8.38, 'Late'),
('E000004', '2025-04-22', '08:15:00', '17:03:00', 8.8, 'Present'),
('E000005', '2025-05-06', NULL, NULL, 0.0, 'Absent'),
('E000005', '2025-05-07', '08:42:00', '16:47:00', 8.08, 'Late'),
('E000005', '2025-05-08', '08:17:00', '18:19:00', 10.03, 'Present'),
('E000005', '2025-05-09', '08:08:00', '18:27:00', 10.32, 'Present'),
('E000005', '2025-05-10', '08:23:00', '17:32:00', 9.15, 'Present'),
('E000006', '2025-04-28', '08:29:00', '17:01:00', 8.53, 'Present'),
('E000006', '2025-04-29', '08:11:00', '17:57:00', 9.77, 'Present'),
('E000006', '2025-04-30', '09:28:00', '16:17:00', 6.82, 'Late'),
('E000006', '2025-05-01', '08:22:00', '18:38:00', 10.27, 'Present'),
('E000006', '2025-05-03', '08:38:00', '16:54:00', 8.27, 'Late'),
('E000007', '2025-05-11', '08:09:00', '18:02:00', 9.88, 'Present'),
('E000007', '2025-05-12', '08:00:00', '16:29:00', 8.48, 'Present'),
('E000007', '2025-05-13', '08:11:00', '18:53:00', 10.7, 'Present'),
('E000007', '2025-05-14', '08:06:00', '17:44:00', 9.63, 'Present'),
('E000007', '2025-05-15', '08:09:00', '16:05:00', 7.93, 'Present'),
('E000008', '2025-05-08', '08:07:00', '18:08:00', 10.02, 'Present'),
('E000008', '2025-05-09', '08:43:00', '17:56:00', 9.22, 'Late'),
('E000008', '2025-05-10', '08:15:00', '17:35:00', 9.33, 'Present'),
('E000008', '2025-05-11', '08:25:00', '18:17:00', 9.87, 'Present'),
('E000008', '2025-05-12', '08:24:00', '18:25:00', 10.02, 'Present'),
('E000009', '2025-04-16', '08:04:00', '17:41:00', 9.62, 'Present'),
('E000009', '2025-04-17', '08:08:00', '17:15:00', 9.12, 'Present'),
('E000009', '2025-04-18', '08:13:00', '18:58:00', 10.75, 'Present'),
('E000009', '2025-04-19', NULL, NULL, 0.0, 'Absent'),
('E000009', '2025-04-20', '08:00:00', '17:11:00', 9.18, 'Present'),
('E000010', '2025-03-30', '08:21:00', '17:55:00', 9.57, 'Present'),
('E000010', '2025-03-31', '08:25:00', '16:35:00', 8.17, 'Present'),
('E000010', '2025-04-01', '08:24:00', '16:13:00', 7.82, 'Present'),
('E000010', '2025-04-02', '08:24:00', '17:40:00', 9.27, 'Present'),
('E000010', '2025-04-03', '08:14:00', '17:15:00', 9.02, 'Present'),
('E000011', '2025-05-14', '08:17:00', '18:26:00', 10.15, 'Present'),
('E000011', '2025-05-15', '08:27:00', '16:45:00', 8.3, 'Present'),
('E000011', '2025-05-16', '08:01:00', '16:34:00', 8.55, 'Present'),
('E000011', '2025-05-17', '08:03:00', '16:59:00', 8.93, 'Present'),
('E000011', '2025-05-19', '08:08:00', '17:29:00', 9.35, 'Present'),
('E000012', '2025-04-11', '08:01:00', '16:43:00', 8.7, 'Present'),
('E000012', '2025-04-12', NULL, NULL, 0.0, 'Absent'),
('E000012', '2025-04-13', '08:09:00', '16:15:00', 8.1, 'Present'),
('E000012', '2025-04-14', '08:03:00', '18:54:00', 10.85, 'Present'),
('E000012', '2025-04-15', '08:19:00', '16:22:00', 8.05, 'Present'),
('E000013', '2025-05-04', '09:52:00', '17:18:00', 7.43, 'Late'),
('E000013', '2025-05-05', '08:28:00', '17:34:00', 9.1, 'Present'),
('E000013', '2025-05-06', '08:30:00', '16:54:00', 8.4, 'Present'),
('E000013', '2025-05-07', '08:24:00', '17:54:00', 9.5, 'Present'),
('E000013', '2025-05-09', '08:03:00', '17:42:00', 9.65, 'Present'),
('E000014', '2025-03-22', '09:21:00', '17:57:00', 8.6, 'Late'),
('E000014', '2025-03-23', '08:44:00', '18:19:00', 9.58, 'Late'),
('E000014', '2025-03-24', '08:08:00', '18:14:00', 10.1, 'Present'),
('E000014', '2025-03-25', '08:03:00', '18:23:00', 10.33, 'Present'),
('E000014', '2025-03-27', '08:12:00', '16:08:00', 7.93, 'Present'),
('E000015', '2025-05-03', '08:09:00', '16:57:00', 8.8, 'Present'),
('E000015', '2025-05-05', '08:14:00', '17:21:00', 9.12, 'Present'),
('E000015', '2025-05-06', '08:15:00', '17:02:00', 8.78, 'Present'),
('E000015', '2025-05-07', '08:11:00', '17:53:00', 9.7, 'Present'),
('E000015', '2025-05-08', '08:43:00', '18:48:00', 10.08, 'Late'),
('E000016', '2025-04-06', '08:02:00', '17:21:00', 9.32, 'Present'),
('E000016', '2025-04-07', '08:03:00', '16:18:00', 8.25, 'Present'),
('E000016', '2025-04-08', '08:52:00', '17:51:00', 8.98, 'Late'),
('E000016', '2025-04-09', '08:52:00', '18:30:00', 9.63, 'Late'),
('E000016', '2025-04-11', '08:08:00', '16:58:00', 8.83, 'Present'),
('E000017', '2025-04-06', NULL, NULL, 0.0, 'Absent'),
('E000017', '2025-04-07', '08:12:00', '17:04:00', 8.87, 'Present'),
('E000017', '2025-04-08', '08:27:00', '17:56:00', 9.48, 'Present'),
('E000017', '2025-04-09', '08:01:00', '18:15:00', 10.23, 'Present'),
('E000017', '2025-04-10', '08:23:00', '18:09:00', 9.77, 'Present'),
('E000018', '2025-04-15', '08:16:00', '18:53:00', 10.62, 'Present'),
('E000018', '2025-04-16', '09:46:00', '16:05:00', 6.32, 'Late'),
('E000018', '2025-04-17', '08:17:00', '17:59:00', 9.7, 'Present'),
('E000018', '2025-04-18', '09:46:00', '17:29:00', 7.72, 'Late'),
('E000018', '2025-04-20', NULL, NULL, 0.0, 'Absent'),
('E000019', '2025-04-22', '08:56:00', '16:29:00', 7.55, 'Late'),
('E000019', '2025-04-23', '08:29:00', '16:23:00', 7.9, 'Present'),
('E000019', '2025-04-24', '08:05:00', '18:05:00', 10.0, 'Present'),
('E000019', '2025-04-25', '09:48:00', '16:25:00', 6.62, 'Late'),
('E000019', '2025-04-26', NULL, NULL, 0.0, 'Absent'),
('E000020', '2025-03-26', '09:35:00', '16:20:00', 6.75, 'Late'),
('E000020', '2025-03-27', '08:33:00', '18:59:00', 10.43, 'Late'),
('E000020', '2025-03-28', '08:27:00', '16:10:00', 7.72, 'Present'),
('E000020', '2025-03-29', '08:19:00', '18:18:00', 9.98, 'Present'),
('E000020', '2025-03-31', '08:08:00', '18:52:00', 10.73, 'Present'),
('E000021', '2025-04-02', '08:50:00', '17:38:00', 8.8, 'Late'),
('E000021', '2025-04-03', NULL, NULL, 0.0, 'Absent'),
('E000021', '2025-04-04', '08:31:00', '16:35:00', 8.07, 'Late'),
('E000021', '2025-04-05', '09:27:00', '17:42:00', 8.25, 'Late'),
('E000021', '2025-04-07', NULL, NULL, 0.0, 'Absent'),
('E000022', '2025-04-04', '08:02:00', '16:40:00', 8.63, 'Present'),
('E000022', '2025-04-06', '08:18:00', '17:29:00', 9.18, 'Present'),
('E000022', '2025-04-07', '08:34:00', '18:57:00', 10.38, 'Late'),
('E000022', '2025-04-08', '08:25:00', '17:53:00', 9.47, 'Present'),
('E000022', '2025-04-09', '08:12:00', '16:16:00', 8.07, 'Present'),
('E000023', '2025-05-14', '08:08:00', '18:39:00', 10.52, 'Present'),
('E000023', '2025-05-15', '08:21:00', '17:03:00', 8.7, 'Present'),
('E000023', '2025-05-16', '09:05:00', '16:47:00', 7.7, 'Late'),
('E000023', '2025-05-17', '08:28:00', '17:15:00', 8.78, 'Present'),
('E000023', '2025-05-18', '08:01:00', '18:09:00', 10.13, 'Present'),
('E000024', '2025-04-10', '09:24:00', '16:47:00', 7.38, 'Late'),
('E000024', '2025-04-11', '08:24:00', '17:44:00', 9.33, 'Present'),
('E000024', '2025-04-12', '08:00:00', '18:19:00', 10.32, 'Present'),
('E000024', '2025-04-13', '08:40:00', '17:04:00', 8.4, 'Late'),
('E000024', '2025-04-14', '08:27:00', '17:33:00', 9.1, 'Present'),
('E000025', '2025-04-21', '08:12:00', '18:14:00', 10.03, 'Present'),
('E000025', '2025-04-22', '08:14:00', '17:13:00', 8.98, 'Present'),
('E000025', '2025-04-23', '09:23:00', '18:38:00', 9.25, 'Late'),
('E000025', '2025-04-24', '08:03:00', '16:20:00', 8.28, 'Present'),
('E000025', '2025-04-26', '08:51:00', '17:51:00', 9.0, 'Late'),
('E000026', '2025-03-30', '08:13:00', '18:24:00', 10.18, 'Present'),
('E000026', '2025-03-31', '08:37:00', '18:43:00', 10.1, 'Late'),
('E000026', '2025-04-01', NULL, NULL, 0.0, 'Absent'),
('E000026', '2025-04-02', '08:02:00', '16:15:00', 8.22, 'Present'),
('E000026', '2025-04-04', '08:20:00', '16:41:00', 8.35, 'Present'),
('E000027', '2025-04-11', NULL, NULL, 0.0, 'Absent'),
('E000027', '2025-04-12', '08:14:00', '16:21:00', 8.12, 'Present'),
('E000027', '2025-04-13', '08:11:00', '16:17:00', 8.1, 'Present'),
('E000027', '2025-04-14', '08:23:00', '17:53:00', 9.5, 'Present'),
('E000027', '2025-04-15', '08:15:00', '17:29:00', 9.23, 'Present'),
('E000028', '2025-04-09', '08:07:00', '16:21:00', 8.23, 'Present'),
('E000028', '2025-04-10', '08:27:00', '18:54:00', 10.45, 'Present'),
('E000028', '2025-04-11', NULL, NULL, 0.0, 'Absent'),
('E000028', '2025-04-12', '08:15:00', '17:25:00', 9.17, 'Present'),
('E000028', '2025-04-13', '08:16:00', '18:26:00', 10.17, 'Present'),
('E000029', '2025-04-23', '08:12:00', '17:12:00', 9.0, 'Present'),
('E000029', '2025-04-24', '08:19:00', '18:05:00', 9.77, 'Present'),
('E000029', '2025-04-25', '08:18:00', '17:03:00', 8.75, 'Present'),
('E000029', '2025-04-26', '08:11:00', '17:13:00', 9.03, 'Present'),
('E000029', '2025-04-27', '08:14:00', '16:23:00', 8.15, 'Present'),
('E000030', '2025-03-24', '08:25:00', '17:16:00', 8.85, 'Present'),
('E000030', '2025-03-25', '08:02:00', '17:06:00', 9.07, 'Present'),
('E000030', '2025-03-26', '08:27:00', '17:27:00', 9.0, 'Present'),
('E000030', '2025-03-27', '08:28:00', '16:41:00', 8.22, 'Present'),
('E000030', '2025-03-28', '08:25:00', '16:42:00', 8.28, 'Present'),
('E000031', '2025-04-22', '08:20:00', '17:17:00', 8.95, 'Present'),
('E000031', '2025-04-23', '08:24:00', '17:19:00', 8.92, 'Present'),
('E000031', '2025-04-24', '08:08:00', '16:08:00', 8.0, 'Present'),
('E000031', '2025-04-25', '08:15:00', '18:17:00', 10.03, 'Present'),
('E000031', '2025-04-27', '08:08:00', '18:06:00', 9.97, 'Present'),
('E000032', '2025-03-29', '08:10:00', '17:05:00', 8.92, 'Present'),
('E000032', '2025-03-30', '09:55:00', '18:25:00', 8.5, 'Late'),
('E000032', '2025-03-31', '08:20:00', '17:10:00', 8.83, 'Present'),
('E000032', '2025-04-01', '08:16:00', '16:03:00', 7.78, 'Present'),
('E000032', '2025-04-03', '08:03:00', '16:29:00', 8.43, 'Present'),
('E000033', '2025-04-05', '08:09:00', '17:12:00', 9.05, 'Present'),
('E000033', '2025-04-06', '08:30:00', '17:59:00', 9.48, 'Present'),
('E000033', '2025-04-07', '08:22:00', '18:18:00', 9.93, 'Present'),
('E000033', '2025-04-08', '08:23:00', '18:35:00', 10.2, 'Present'),
('E000033', '2025-04-10', '08:29:00', '18:23:00', 9.9, 'Present'),
('E000034', '2025-03-24', '08:56:00', '18:52:00', 9.93, 'Late'),
('E000034', '2025-03-26', '08:08:00', '18:34:00', 10.43, 'Present'),
('E000034', '2025-03-27', '08:14:00', '17:36:00', 9.37, 'Present'),
('E000034', '2025-03-28', '08:00:00', '17:12:00', 9.2, 'Present'),
('E000034', '2025-03-29', '08:11:00', '18:19:00', 10.13, 'Present'),
('E000035', '2025-04-18', NULL, NULL, 0.0, 'Absent'),
('E000035', '2025-04-19', '08:12:00', '17:04:00', 8.87, 'Present'),
('E000035', '2025-04-20', '09:17:00', '18:09:00', 8.87, 'Late'),
('E000035', '2025-04-21', '08:25:00', '16:28:00', 8.05, 'Present'),
('E000035', '2025-04-23', '08:01:00', '18:18:00', 10.28, 'Present'),
('E000036', '2025-04-30', '08:23:00', '18:29:00', 10.1, 'Present'),
('E000036', '2025-05-01', '08:02:00', '17:24:00', 9.37, 'Present'),
('E000036', '2025-05-02', '08:24:00', '17:10:00', 8.77, 'Present'),
('E000036', '2025-05-03', '08:17:00', '17:59:00', 9.7, 'Present'),
('E000036', '2025-05-04', '08:21:00', '16:31:00', 8.17, 'Present'),
('E000037', '2025-05-14', '08:19:00', '17:45:00', 9.43, 'Present'),
('E000037', '2025-05-15', '08:09:00', '18:55:00', 10.77, 'Present'),
('E000037', '2025-05-16', '08:23:00', '18:08:00', 9.75, 'Present'),
('E000037', '2025-05-17', '08:28:00', '17:45:00', 9.28, 'Present'),
('E000037', '2025-05-18', '08:01:00', '17:38:00', 9.62, 'Present'),
('E000038', '2025-05-02', '08:44:00', '17:00:00', 8.27, 'Late'),
('E000038', '2025-05-04', '08:13:00', '18:07:00', 9.9, 'Present'),
('E000038', '2025-05-05', '08:06:00', '17:29:00', 9.38, 'Present'),
('E000038', '2025-05-06', NULL, NULL, 0.0, 'Absent'),
('E000038', '2025-05-07', '08:12:00', '16:29:00', 8.28, 'Present'),
('E000039', '2025-04-13', '09:08:00', '18:42:00', 9.57, 'Late'),
('E000039', '2025-04-15', '08:08:00', '16:30:00', 8.37, 'Present'),
('E000039', '2025-04-16', '08:13:00', '17:54:00', 9.68, 'Present'),
('E000039', '2025-04-17', '08:09:00', '16:56:00', 8.78, 'Present'),
('E000039', '2025-04-18', '08:24:00', '18:10:00', 9.77, 'Present'),
('E000040', '2025-04-20', '08:18:00', '17:02:00', 8.73, 'Present'),
('E000040', '2025-04-21', '08:28:00', '16:16:00', 7.8, 'Present'),
('E000040', '2025-04-22', NULL, NULL, 0.0, 'Absent'),
('E000040', '2025-04-23', '08:14:00', '16:18:00', 8.07, 'Present'),
('E000041', '2025-04-22', '08:19:00', '16:30:00', 8.18, 'Present'),
('E000041', '2025-04-24', '08:00:00', '17:52:00', 9.87, 'Present'),
('E000041', '2025-04-25', NULL, NULL, 0.0, 'Absent'),
('E000041', '2025-04-26', '09:24:00', '18:33:00', 9.15, 'Late'),
('E000041', '2025-04-27', NULL, NULL, 0.0, 'Absent'),
('E000042', '2025-05-11', NULL, NULL, 0.0, 'Absent'),
('E000042', '2025-05-12', '08:02:00', '16:39:00', 8.62, 'Present'),
('E000042', '2025-05-13', '08:13:00', '17:01:00', 8.8, 'Present'),
('E000042', '2025-05-14', '08:15:00', '16:20:00', 8.08, 'Present'),
('E000042', '2025-05-15', '08:23:00', '18:00:00', 9.62, 'Present'),
('E000043', '2025-03-25', '08:02:00', '17:09:00', 9.12, 'Present'),
('E000043', '2025-03-27', '08:27:00', '18:15:00', 9.8, 'Present'),
('E000043', '2025-03-28', NULL, NULL, 0.0, 'Absent'),
('E000043', '2025-03-29', NULL, NULL, 0.0, 'Absent'),
('E000043', '2025-03-30', '08:10:00', '16:02:00', 7.87, 'Present'),
('E000044', '2025-04-20', '08:34:00', '16:49:00', 8.25, 'Late'),
('E000044', '2025-04-21', '08:25:00', '18:47:00', 10.37, 'Present'),
('E000044', '2025-04-22', '08:25:00', '16:59:00', 8.57, 'Present'),
('E000044', '2025-04-23', '09:51:00', '16:32:00', 6.68, 'Late'),
('E000044', '2025-04-24', '08:29:00', '16:43:00', 8.23, 'Present'),
('E000045', '2025-03-27', '08:29:00', '17:23:00', 8.9, 'Present'),
('E000045', '2025-03-28', '08:12:00', '17:09:00', 8.95, 'Present'),
('E000045', '2025-03-29', '09:53:00', '17:37:00', 7.73, 'Late'),
('E000045', '2025-03-30', '09:26:00', '16:58:00', 7.53, 'Late'),
('E000045', '2025-03-31', '08:00:00', '18:33:00', 10.55, 'Present'),
('E000046', '2025-04-24', '08:07:00', '18:01:00', 9.9, 'Present'),
('E000046', '2025-04-25', '08:25:00', '16:48:00', 8.38, 'Present'),
('E000046', '2025-04-26', '08:16:00', '18:34:00', 10.3, 'Present'),
('E000046', '2025-04-27', '08:41:00', '16:06:00', 7.42, 'Late'),
('E000046', '2025-04-28', '08:19:00', '16:40:00', 8.35, 'Present'),
('E000047', '2025-03-28', '09:03:00', '16:59:00', 7.93, 'Late'),
('E000047', '2025-03-29', '08:55:00', '18:43:00', 9.8, 'Late'),
('E000047', '2025-03-30', '08:14:00', '16:36:00', 8.37, 'Present'),
('E000047', '2025-03-31', '08:11:00', '16:59:00', 8.8, 'Present'),
('E000047', '2025-04-01', '09:19:00', '18:53:00', 9.57, 'Late'),
('E000048', '2025-04-17', '08:10:00', '17:21:00', 9.18, 'Present'),
('E000048', '2025-04-18', '08:22:00', '18:38:00', 10.27, 'Present'),
('E000048', '2025-04-19', '08:16:00', '16:48:00', 8.53, 'Present'),
('E000048', '2025-04-20', '08:24:00', '16:51:00', 8.45, 'Present'),
('E000048', '2025-04-21', NULL, NULL, 0.0, 'Absent'),
('E000049', '2025-05-09', '08:19:00', '16:00:00', 7.68, 'Present'),
('E000049', '2025-05-10', '08:01:00', '18:04:00', 10.05, 'Present'),
('E000049', '2025-05-11', '08:19:00', '17:36:00', 9.28, 'Present'),
('E000049', '2025-05-12', '09:49:00', '18:11:00', 8.37, 'Late'),
('E000050', '2025-05-04', NULL, NULL, 0.0, 'Absent'),
('E000050', '2025-05-05', NULL, NULL, 0.0, 'Absent'),
('E000050', '2025-05-06', '08:12:00', '18:02:00', 9.83, 'Present'),
('E000050', '2025-05-07', '08:53:00', '18:19:00', 9.43, 'Late'),
('E000050', '2025-05-08', '08:20:00', '17:33:00', 9.22, 'Present');

--payroll

INSERT INTO payroll (payroll_id, employee_id, payroll_year, payroll_month, base_salary, bonus, deductions) VALUES
('P000000', 'E000007', 2023, 1, 2255.84, 102.50, 370.33),
('P000001', 'E000001', 2023, 1, 5908.30, 590.49, 15.89),
('P000002', 'E000047', 2023, 1, 1843.26, 232.66, 301.01),
('P000003', 'E000017', 2023, 1, 6051.21, 716.02, 350.66),
('P000004', 'E000015', 2023, 1, 4775.68, 449.21, 139.10),
('P000005', 'E000014', 2023, 1, 8823.70, 758.81, 79.83),
('P000006', 'E000021', 2023, 2, 9614.92, 336.59, 46.37),
('P000007', 'E000017', 2023, 2, 1870.45, 847.49, 301.86),
('P000008', 'E000009', 2023, 2, 8264.15, 729.73, 268.11),
('P000009', 'E000013', 2023, 2, 9758.04, 378.53, 276.02),
('P000010', 'E000040', 2023, 3, 1412.42, 227.90, 144.69),
('P000011', 'E000039', 2023, 3, 1718.13, 232.79, 50.50),
('P000012', 'E000023', 2023, 3, 3501.76, 635.68, 182.42),
('P000013', 'E000036', 2023, 3, 4331.63, 209.51, 133.49),
('P000014', 'E000012', 2023, 3, 9429.89, 648.04, 304.57),
('P000015', 'E000045', 2023, 3, 2540.25, 729.13, 81.70),
('P000016', 'E000004', 2023, 3, 4415.10, 989.52, 320.00),
('P000017', 'E000014', 2023, 4, 3061.43, 32.10, 157.73),
('P000018', 'E000043', 2023, 4, 3409.67, 210.98, 471.45),
('P000019', 'E000020', 2023, 4, 8887.31, 314.68, 327.72),
('P000020', 'E000049', 2023, 4, 4560.69, 914.55, 229.43),
('P000021', 'E000003', 2023, 4, 3383.92, 246.63, 280.68),
('P000022', 'E000047', 2023, 5, 9080.41, 399.40, 109.66),
('P000023', 'E000037', 2023, 5, 9977.84, 509.53, 45.45),
('P000024', 'E000027', 2023, 5, 1424.05, 109.65, 313.72),
('P000025', 'E000043', 2023, 6, 9965.09, 529.11, 485.54),
('P000026', 'E000027', 2023, 6, 8747.02, 11.48, 360.36),
('P000027', 'E000038', 2023, 6, 7135.39, 536.97, 133.41),
('P000028', 'E000004', 2023, 6, 6768.66, 111.55, 217.38),
('P000029', 'E000024', 2023, 6, 5083.51, 953.82, 437.93),
('P000030', 'E000046', 2023, 6, 3370.50, 500.59, 89.33),
('P000031', 'E000048', 2023, 6, 9213.65, 870.52, 149.22),
('P000032', 'E000032', 2023, 7, 5854.41, 778.63, 265.18),
('P000033', 'E000038', 2023, 7, 1005.15, 324.16, 9.74),
('P000034', 'E000012', 2023, 7, 9361.89, 878.72, 415.83),
('P000035', 'E000009', 2023, 7, 3767.63, 57.93, 439.00),
('P000036', 'E000023', 2023, 7, 9522.55, 85.65, 243.00),
('P000037', 'E000010', 2023, 7, 1622.91, 760.60, 382.92),
('P000038', 'E000042', 2023, 8, 9521.64, 165.13, 263.84),
('P000039', 'E000030', 2023, 8, 6459.35, 964.36, 464.46),
('P000040', 'E000046', 2023, 9, 6848.90, 438.10, 258.79),
('P000041', 'E000044', 2023, 9, 2089.04, 224.70, 169.04),
('P000042', 'E000012', 2023, 9, 6294.78, 230.11, 110.11),
('P000043', 'E000045', 2023, 9, 1638.94, 631.10, 114.47),
('P000044', 'E000019', 2023, 9, 9148.78, 859.64, 35.43),
('P000045', 'E000025', 2023, 9, 3142.04, 668.98, 107.12),
('P000046', 'E000042', 2023, 9, 2190.81, 935.51, 285.52),
('P000047', 'E000015', 2023, 10, 2713.69, 96.93, 215.53),
('P000048', 'E000050', 2023, 10, 4812.21, 467.02, 364.54),
('P000049', 'E000030', 2023, 10, 7060.28, 984.17, 49.21),
('P000050', 'E000026', 2023, 10, 4623.59, 339.30, 430.84),
('P000051', 'E000012', 2023, 11, 5037.52, 421.88, 139.27),
('P000052', 'E000034', 2023, 11, 3248.26, 923.27, 221.57),
('P000053', 'E000035', 2023, 12, 9337.30, 848.70, 83.16),
('P000054', 'E000006', 2023, 12, 5370.77, 213.75, 200.52),
('P000055', 'E000003', 2023, 12, 1527.72, 378.97, 492.65),
('P000056', 'E000041', 2023, 12, 3386.83, 784.07, 227.50),
('P000057', 'E000034', 2023, 12, 4807.07, 957.32, 497.71),
('P000058', 'E000000', 2023, 12, 6001.91, 718.41, 77.40),
('P000059', 'E000005', 2023, 12, 3670.37, 968.71, 289.59),
('P000060', 'E000003', 2024, 1, 5525.65, 852.72, 78.72),
('P000061', 'E000047', 2024, 1, 9647.01, 80.11, 92.91),
('P000062', 'E000020', 2024, 1, 6355.32, 675.21, 117.60),
('P000063', 'E000037', 2024, 1, 2078.98, 890.29, 123.11),
('P000064', 'E000030', 2024, 1, 6350.67, 619.38, 209.61),
('P000065', 'E000036', 2024, 2, 7027.53, 314.18, 132.81),
('P000066', 'E000033', 2024, 2, 2177.90, 645.50, 228.61),
('P000067', 'E000020', 2024, 2, 9361.16, 935.73, 4.66),
('P000068', 'E000016', 2024, 2, 6590.43, 562.99, 49.99),
('P000069', 'E000013', 2024, 2, 5838.71, 505.88, 66.23),
('P000070', 'E000004', 2024, 3, 3564.89, 438.18, 271.61),
('P000071', 'E000015', 2024, 3, 3722.65, 983.85, 403.55),
('P000072', 'E000023', 2024, 3, 5760.47, 667.86, 277.30),
('P000073', 'E000006', 2024, 4, 2399.03, 281.76, 105.31),
('P000074', 'E000008', 2024, 4, 4085.92, 687.50, 426.46),
('P000075', 'E000016', 2024, 4, 5548.68, 251.12, 454.08),
('P000076', 'E000007', 2024, 4, 1457.19, 634.28, 414.67),
('P000077', 'E000050', 2024, 4, 1396.78, 333.56, 65.41),
('P000078', 'E000035', 2024, 4, 9818.18, 161.58, 220.92),
('P000079', 'E000027', 2024, 5, 9135.36, 545.59, 417.30),
('P000080', 'E000035', 2024, 5, 6242.59, 148.09, 63.72),
('P000081', 'E000000', 2024, 5, 3774.33, 898.98, 398.06),
('P000082', 'E000007', 2024, 5, 8746.32, 898.92, 105.04),
('P000083', 'E000004', 2024, 5, 3245.77, 102.79, 390.06),
('P000084', 'E000044', 2024, 5, 8957.21, 406.38, 310.33),
('P000085', 'E000015', 2024, 6, 9785.85, 810.77, 440.71),
('P000086', 'E000010', 2024, 6, 1223.08, 736.56, 166.09),
('P000087', 'E000042', 2024, 7, 2432.78, 701.28, 191.27),
('P000088', 'E000047', 2024, 7, 1348.52, 470.69, 99.79),
('P000089', 'E000015', 2024, 7, 9266.07, 349.66, 410.27),
('P000090', 'E000017', 2024, 7, 8841.91, 222.92, 330.02),
('P000091', 'E000021', 2024, 8, 3512.12, 641.48, 199.84),
('P000092', 'E000017', 2024, 8, 9830.35, 536.22, 469.62),
('P000093', 'E000004', 2024, 8, 2038.08, 970.40, 89.28),
('P000094', 'E000049', 2024, 8, 9662.81, 265.47, 54.20),
('P000095', 'E000022', 2024, 9, 4927.54, 984.24, 57.82),
('P000096', 'E000046', 2024, 9, 9095.54, 190.08, 22.19),
('P000097', 'E000050', 2024, 9, 4924.52, 519.92, 403.26),
('P000098', 'E000020', 2024, 9, 7181.71, 940.26, 368.52),
('P000099', 'E000023', 2024, 10, 1629.76, 664.24, 165.10),
('P000100', 'E000027', 2024, 10, 3825.24, 848.02, 359.88),
('P000101', 'E000032', 2024, 11, 4675.54, 402.40, 147.83),
('P000102', 'E000019', 2024, 11, 2145.59, 420.45, 470.18),
('P000103', 'E000042', 2024, 11, 7095.86, 902.81, 307.76),
('P000104', 'E000025', 2024, 12, 3734.87, 210.18, 392.88),
('P000105', 'E000035', 2024, 12, 6459.95, 322.25, 220.89),
('P000106', 'E000000', 2024, 12, 7080.65, 511.17, 396.87),
('P000107', 'E000047', 2025, 1, 6696.47, 335.19, 409.21),
('P000108', 'E000010', 2025, 1, 7760.24, 672.80, 112.32),
('P000109', 'E000042', 2025, 1, 2792.17, 24.43, 122.42),
('P000110', 'E000005', 2025, 1, 5276.23, 849.74, 36.41),
('P000111', 'E000018', 2025, 1, 4729.97, 629.77, 97.22),
('P000112', 'E000032', 2025, 1, 7267.19, 494.38, 121.99),
('P000113', 'E000048', 2025, 1, 6904.52, 5.54, 375.48),
('P000114', 'E000006', 2025, 2, 5180.95, 557.41, 458.74),
('P000115', 'E000049', 2025, 2, 2092.23, 133.34, 232.32),
('P000116', 'E000027', 2025, 2, 5780.19, 558.93, 158.65),
('P000117', 'E000014', 2025, 2, 7797.25, 442.57, 407.50),
('P000118', 'E000011', 2025, 2, 9028.18, 426.74, 453.43),
('P000119', 'E000044', 2025, 2, 5013.22, 159.16, 430.75),
('P000120', 'E000033', 2025, 2, 5050.63, 751.78, 419.93),
('P000121', 'E000049', 2025, 3, 6640.74, 274.60, 38.74),
('P000122', 'E000033', 2025, 3, 3571.55, 271.72, 159.85),
('P000123', 'E000031', 2025, 3, 5861.37, 138.37, 115.63),
('P000124', 'E000009', 2025, 4, 3977.93, 465.92, 31.13),
('P000125', 'E000045', 2025, 4, 8496.02, 389.48, 384.90),
('P000126', 'E000013', 2025, 4, 9514.56, 19.53, 440.33),
('P000127', 'E000004', 2025, 4, 6181.21, 476.98, 471.37),
('P000128', 'E000026', 2025, 4, 3687.51, 389.99, 445.82),
('P000129', 'E000046', 2025, 4, 8521.56, 538.22, 367.32);